,source,publisher,title,content,language,date
0,net-security,Help Net Security,Containers have 600+ vulnerabilities on average,"Containers are the fastest growing &#8211; and weakest cybersecurity link &#8211; in software supply chains, according to NetRise. Companies are struggling to get container security right. Issues from misconfigured clouds, containers, and networks to uncertainty over who owns container security throughout the software’s lifecycle persist. And yet, according to a 2022 Anchore report, enterprises plan to expand container adoption over the next 24 months, with 88% planning to increase container use and 31% planning to &#8230; More &#8594;The post Containers have 600+ vulnerabilities on average...",en,2024-12-11 04:30:11+00:00
1,dvidshub,Mikia Muhammad,"Troop Support dress clothing supervisor, Medical team win DLA Director’s Strategic Goals Awards","Six members of the Defense Logistics Agency Troop Support’s Medical supply chain Customer Pharmacy Operations Center team and supervisor of the Clothing and Textiles dress clothing planning team received DLA Director’s Strategic Goals Awards for fiscal year 2023 fourth quarter, on behalf of DLA Director Navy Vice Adm. Michelle C. Skubic.",en,2024-12-10 21:09:41+00:00
2,dvidshub,Mikia Muhammad,C&T director introduces new coin at first town hall,A coin designed especially for Defense Logistics Agency Troop Support’s Clothing and Textiles supply chain was introduced to the workforce during a town hall November 6.,en,2024-12-10 20:55:24+00:00
3,dvidshub,Mikia Muhammad,C&T director introduces new coin at first town hall [Image 3 of 3],"DLA Troop Support Clothing and Textiles Director Army Col. Bernard K. Monroe, left, speaks to C&T team members during a town hall event Nov. 6, 2024. It was the first town hall Monroe hosted since becoming the supply chain’s director in summer 2024.",en,2024-12-10 20:55:24+00:00
4,dvidshub,Mikia Muhammad,C&T director introduces new coin at first town hall [Image 2 of 3],"DLA Troop Support Clothing and Textiles Director Army Col. Bernard K. Monroe, far right, stands with C&T coin recipients and C&T Deputy Director Steven Merch, far left, during a town hall event Nov. 6, 2024. Monroe introduced the coin for the first time during the event to distinguish the supply chain as unique.",en,2024-12-10 20:55:23+00:00
5,dvidshub,Mikia Muhammad,"C&T hosts 10th annual industry event, instills collaboration, communication","More than 1,000 representatives from the Defense Logistics Agency, military services and domestic clothing and textiles industrial base participated in the 10th annual Joint Advanced Planning Brief for Industry, hosted by DLA Troop Support’s Clothing and Textiles supply chain, November 20-21.",en,2024-12-10 20:41:34+00:00
6,dvidshub,Mikia Muhammad,"C&T hosts 10th annual industry event, instills collaboration, communication [Image 6 of 6]","DLA Troop Support Commander Army Brig. Gen. Landis C. Maddox, left, speaks at the 10th annual Joint Advanced Planning Brief for Industry, hosted by the Clothing and Textiles supply chain, November 20, 2024 in Cherry Hill, New Jersey. Clear and open communication was Maddox’s key takeaway to more than 1,000 representatives from DLA, the military services and domestic clothing and textiles industrial base in attendance.",en,2024-12-10 20:41:34+00:00
7,dvidshub,Mikia Muhammad,"C&T hosts 10th annual industry event, instills collaboration, communication [Image 4 of 6]","C&T Director of Supplier Operations Leighann Mazoki, left, shared inventory projections and special topics related to supply chain business at the 10th annual Joint Advanced Planning Brief for Industry November 20, 2024 in Cherry Hill, New Jersey. Mazoki also emphasized the importance of collaboration with stakeholders for DLA to maintain its standard as logistics experts to more than 1,000 representatives from DLA, the military services and domestic clothing and textiles industrial base in attendance during the two-day event.",en,2024-12-10 20:41:33+00:00
8,Investing.com | Stock Market Quotes &amp; Financial News,Investing.com,"Edgewell Personal Care's chief supply chain officer sells stock for $165,266","Edgewell Personal Care's chief supply chain officer sells stock for $165,266",en,2024-12-10 20:32:48+00:00
9,Bloomberg | Latest And Live Business,PTI,Canadian Pension Fund Arm Co-Leads $180 Million Investment In Indian Supply Chain Platform Mintifi,Canadian Pension Fund Arm Co-Leads $180 Million Investment In Indian Supply Chain Platform Mintifi,en,2024-12-10 19:00:55+00:00
10,aktiencheck,,KION GROUP Aktie: Gedämpfte Erwartungen,"Der Intralogistik-Spezialist KION GROUP verzeichnet am aktuellen Handelstag einen Kursrückgang. Die im MDAX notierte Aktie steht bei 35,85 Euro und weist damit einen Tagesverlust von 0,77 Prozent auf. Mit einer Marktkapitalisierung von 4,6 Milliarden Euro bleibt der Frankfurter Konzern ein bedeutender Player im Bereich der Flurförderzeuge und Supply-Chain-Lösungen. [mehr]",de,2024-12-10 18:51:03+00:00
11,finanznachrichten,,John Galt Solutions Named a Leader in IDC MarketScape: Worldwide Supply Chain Planning Overall 2024 Vendor Assessment,"AUSTIN, TEXAS / ACCESSWIRE / December 10, 2024 / John Galt Solutions, a global leader in automating supply chain planning to empower businesses to make better decisions faster, today announced the ...",de,2024-12-10 16:02:00+00:00
12,bworldonline,BusinessWorld,"With the right policies, the Philippines can unlock key supply chain opportunities as offshore wind develops","AS THE PHILIPPINES stands on the brink of unlocking its significant offshore wind power potential, there is a pressing need to understand the key economic opportunities for local industries to support the sector’s development. Indeed, all stakeholders must work together so the Philippines has a robust supply chain that ensures the nation not only benefits [&#8230;]",en,2024-12-10 16:01:44+00:00
13,aktiencheck,,Taiwan Semiconductor Manufacturing Stock: AI Chips Drive Market Success,"Taiwan Semiconductor Manufacturing (TSMC) continues to strengthen its position as a global leader in advanced semiconductor technology, particularly through its strategic focus on artificial intelligence applications. The company&apos;s recent success at its Supply Chain Management Forum highlighted significant achievements in innovative material development for modern packaging technologies, reinforcing its technological leadership in the semiconductor industry. [mehr]",de,2024-12-10 14:26:00+00:00
14,tribune,Shola Adekola,IATA predicts $1.007trn as total revenues in 2025,"Tribune OnlineIATA predicts $1.007trn as total revenues in 2025The International Air Transport Association (IATA) has announced its financial outlook for the global airline industry in 2025, showing a slight strengthening of profitability amid ongoing cost and supply chain challenges. According to a paper presented by the IATA Director General, Willie Walsh to mark the 2024 Global Media Day in Geneva, Switzerland, the net [&#8230;]IATA predicts $1.007trn as total revenues in 2025Tribune Online",en,2024-12-10 13:21:03+00:00
15,finanznachrichten,,Blackstone and TCV Increase Investment in RELEX Solutions,"Existing investors purchase shares from Summit Partners, original investor who exits after nearly a decade of partnership with RELEX RELEX Solutions, a provider of unified supply chain and retail ...",de,2024-12-10 13:12:00+00:00
16,finanznachrichten,,Ensysce Biosciences Inc.: Ensysce Biosciences Announces Commercial Supplier for Breakthrough Overdose Protection Drug Product,"~ Supply Chain Now Fully Secure for PF614-MPAR ~ SAN DIEGO, CA / ACCESSWIRE / December 10, 2024 / Ensysce Biosciences, Inc. (NASDAQ:ENSC) (""Ensysce"" or ""Company""), a clinical-stage pharmaceutical c...",de,2024-12-10 13:02:00+00:00
17,Businessmole,Sam Allcock,The Impact of Supply Chain Optimization on Business Outcomes,"Supply chain optimization is something that every business within the supply chain industry should be introducing for various reasons,&#8230;",en,2024-12-10 11:16:53+00:00
18,Financial Post | Canada Business News,Bloomberg News,"Stellantis, CATL Invest Up to €4.1 Billion in EU Cell Plant","Stellantis NV and a Chinese partner plan to invest as much as €4.1 billion ($4.3 billion) in a battery plant in Spain, giving a boost to Europe’s struggling effort to build an electric-vehicle supply chain.",en,2024-12-10 10:26:48+00:00
19,Investing.com | Stock Market Quotes &amp; Financial News,Reuters,Global airlines see growth in 2025 despite supply chain issues,Global airlines see growth in 2025 despite supply chain issues,en,2024-12-10 09:45:31+00:00
20,finanznachrichten,,ECOM Partners with Sourcemap for EUDR Compliance,"PARIS, Dec. 10, 2024 /PRNewswire/ -- ECOM Agroindustrial Corp Ltd., one of the world's leading traders of agricultural commodities, is partnering with supply chain mapping leader Sourcemap for com...",de,2024-12-10 07:07:00+00:00
21,etfdailynews,MarketBeat News,Analyzing Cheetah Net Supply Chain Service (NASDAQ:CTNT) and Acacia Diversified (OTCMKTS:ACCA),"Acacia Diversified (OTCMKTS:ACCA &#8211; Get Free Report) and Cheetah Net Supply Chain Service (NASDAQ:CTNT &#8211; Get Free Report) are both small-cap retail/wholesale companies, but which is the better investment? We will compare the two businesses based on the strength of their dividends, earnings, valuation, institutional ownership, risk, profitability and analyst recommendations. Analyst Recommendations This is [&#8230;]",en,2024-12-10 07:01:01+00:00
22,Zee Business,zee business,Tata Motors shares rise over 1% as company announces third price hike in 2024,"Tata Motors gears up for its third price hike this year, boosting shares by over 1% as rising input costs and supply chain challenges continue to pressure the auto industry.",en,2024-12-10 06:18:56+00:00
23,zazoom,,Develhope e Amazon: borse di studio anche per i giovani siciliani,"In Italia 4 aziende su 10 non hanno attualmente dei ruoli specifici dedicati al Supply Chain Planning, tuttavia, 1 su 4 pensa di introdurre figure dedicate. Questo è quanto emerge dall’Osservatorio Supply Chain Planning del Politecnico di Milano, in partnership con REMIRA Italia, azienda......",it,2024-12-09 19:40:45+00:00
24,dvidshub,,Army sustainers strategize taking advanced manufacturing to the battlefield,"Leaders and experts from across the Army Sustainment Enterprise gathered among the low hums of 3D printers at Joint Manufacturing and Technology Center's advanced manufacturing center of excellence. They met to discuss various topics related to the Army's implementation of advanced manufacturing in its maintenance capabilities, aiming to mitigate supply chain disruptions and empower Soldiers to efficiently solve maintenance problems. U.S. Army photo by Kendall Swank",en,2024-12-09 18:42:47+00:00
25,dailymail,,Police unit set up to smash soaring shoplifting rates make nearly 100 arrests and disrupt dozens organised of crime groups,A new police unit set up to tackle the spiraling shoplifting epidemic make nearly 100 arrests and disrupt dozens of crime gangs in sweeping operation.,en,2024-12-11 02:03:01+00:00
26,Mail,,Police unit set up to smash soaring shoplifting rates make nearly 100 arrests and disrupt dozens organised of crime groups,A new police unit set up to tackle the spiraling shoplifting epidemic make nearly 100 arrests and disrupt dozens of crime gangs in sweeping operation.,en,2024-12-11 02:03:01+00:00
27,finanznachrichten,,HALOID INC: Haloid Research Finds that Cellular Walkie Talkies Put Americans at Risk of Chinese Spying,"Haloid Solutions, a leading provider of wireless communications equipment, is warning all business and government agencies about foreign espionage and business disruption risks from China-manufactu...",de,2024-12-11 00:38:00+00:00
28,Seeking Alpha,,Auto disruption: Amazon joins Costco as a source for consumers to buy cars,Auto disruption: Amazon joins Costco as a source for consumers to buy cars,en,2024-12-11 00:21:00+00:00
29,ocregister,Jonathan Horwitz,City of Westminster sues two of its own councilmembers for disrupting city meetings,The city is seeking a court order to legally require the councilmembers to stop speaking at council meetings “when they are not recognized by the mayor.”,en,2024-12-10 22:57:16+00:00
30,globaltvedmonton,Prisha Dev,"Hamilton police close ‘the shack’, days after hit on ‘open air drug market’","Police in Hamilton, Ont. say they have disrupted a drug dealing operation happening on a discreet trail in the city, with 2 people arrested.",en,2024-12-10 21:10:09+00:00
31,Post,Fox News,"Winter storm to span nearly 2K miles while slamming Northeast with snow, South with flooding rain","The FOX Forecast Center is tracking two storm systems with a multitude of threats to the eastern U.S. this week. Travel disruptions, flash flooding, severe storms, strong winds and snow are all expected.",en,2024-12-10 18:52:40+00:00
32,deccanchronicle,DC Correspondent,"Ruckus Over Soros, Adani Continues to Disrupt Parl","Ruckus Over Soros, Adani Continues to Disrupt Parl",en,2024-12-10 18:38:56+00:00
33,ticotimes,Tico Times,Costa Rica Internet at Risk as Maya-1 Cable Nears Expiration,"Costa Rica faces a significant risk of internet disruption via the Maya-1 Cable, a vital submarine link that connects through the province of Limón. The cable, operated by an international consortium that includes the Costa Rican Electricity Institute (ICE), was established with an operational period of 25 years. This period is set to expire on [&#8230;]The post Costa Rica Internet at Risk as Maya-1 Cable Nears Expiration appeared first on The Tico Times | Costa Rica News | Travel | Real Estate.",en,2024-12-10 17:09:27+00:00
34,Business World,BusinessWorld,World Bank trims Philippine GDP growth outlook to 5.9%,"THE WORLD BANK has trimmed its growth forecast for the Philippines for this year but still expects strong growth in the medium term. At the same time, the multilateral lender flagged possible trade disruption and geopolitical conflict risks ahead. “The growth forecast for 2024 was revised downwards from 6% to 5.9%, reflecting the impact of [&#8230;]",en,2024-12-10 16:32:34+00:00
35,Highland Radio,highlandnews,Supply disruptions due to burst water mains in Letterkenny,"Repairs to a burst water main may cause supply disruptions to Crievesmith, Crieve, Rockhill, Bomany, Roughtan, Ballyconnelly, Foxhall, Conwal, Tullygay and surrounding areas. A traffic management plan will be in place for the duration of the works. Works are scheduled to take place until 7pm this evening. It is recommended that those affected allow 3-4 &#8230; Supply disruptions due to burst water mains in Letterkenny Read More &#187;The post Supply disruptions due to burst water mains in Letterkenny appeared first on Highland Radio - Latest Donegal News and Sport.",en,2024-12-10 15:38:38+00:00
36,lulegacy,,Amazon’s Healthcare Gamble: A New Era of Medical Disruption,Amazon's strategic healthcare expansion leverages technology and logistics for a potentially transformative impact on patient care and market dynamics.,en,2024-12-10 15:30:00+00:00
37,windsorstar,Taylor Campbell,New law deters weekly Windsor protests from blocking border: deputy police chief,"Windsor police are dealing with at least one protest every week, but so far no group has tried to block the Ambassador Bridge since an economically devastating border disruption nearly three years ago. That&#8217;s at least in part due to swift consequences for those who impede trade corridors under relatively new provincial legislation — consequences [&#8230;]",en,2024-12-10 15:18:48+00:00
38,blackpoolgazette,Aimee Seddon,Everything you need to know about Blackpool Transport's bus and tram disruptions this Christmas and New Year,"Christmas and New Year are very special times of year but unforunately for public transport users in Blackpool, they also call for special timetables...",en,2024-12-10 15:11:54+00:00
39,Manchester Evening News,newsdesk@men-news.co.uk (Andrew Bardsley),Crown court closed as disruption caused by burst water pipe continues,Other venues and businesses in the area have been affected,en,2024-12-10 14:17:48+00:00
40,Essentially Sports,Apoorva Chakrayat,Pressure Mounts on Mark Pope & Otega Oweh as 22YO Kentucky Star’s Comeback Remains in Question,"Kentucky Wildcats fans have plenty to cheer about this season. With an 8-1 record and strength on both ends of the court, the team is off to a blazing start. But there’s a potential hiccup on the horizon that could disrupt their rhythm. The backcourt duo of Lamont Butler and Otega Oweh has been a [&#8230;]The post Pressure Mounts on Mark Pope & Otega Oweh as 22YO Kentucky Star’s Comeback Remains in Question appeared first on EssentiallySports.",en,2024-12-10 13:39:00+00:00
41,Essentially Sports,Himanshi Garg,Saddened Sydney McLaughlin-Levrone Revealed How Being Unable to Wear New Balance Almost Cost NCAA Championship Title,"Have you noticed how, sometimes, just changing a tiny thing in our lives can massively disrupt things for us? Stuff like changing our breakfast habits, our pillow, our preferred towel, or our shoe brand &#8211; no matter the scale, it does affect us, right? This is especially true when you are about to compete in [&#8230;]The post Saddened Sydney McLaughlin-Levrone Revealed How Being Unable to Wear New Balance Almost Cost NCAA Championship Title appeared first on EssentiallySports.",en,2024-12-10 13:35:51+00:00
42,BBC News,,Rail disruption continues in wake of Storm Darragh,Several services are cancelled as a result of the ongoing clear-up following the storm.,en,2024-12-10 13:26:23+00:00
43,federalnewsradio,Jason Miller,6 ways for you to manage through disruption,Air Force CIO Venice Goodwine outlined several ways she tries to mitigate and soften the real or perceived impacts of constant disruption in government.The post 6 ways for you to manage through disruption first appeared on Federal News Network.,en,2024-12-10 13:25:57+00:00
44,send2press,Tellwell Publishing,New Historical Fiction Novel Delves Into the Brutality of Impressment in 18th and 19th Century England,"TORONTO, Ontario, Dec. 10, 2024 (SEND2PRESS NEWSWIRE) -- Independent author W Blair Doman releases a gripping historical fiction novel, ""Pressed: Recruitment by Force"" (ISBN: 978-0228815914), released by Tellwell Publishing. The book sheds light on the lives disrupted by England's practice of impressment - the forced recruitment of men and boys for naval service - during the 1700s and 1800s. This novel offers a poignant look at the human cost of war and the plight of those who endured it unwillingly.",en,2024-12-10 12:00:31+00:00
45,sports,Reuters,India's opposition parties move to impeach Vice President Dhankhar,"Indian opposition parties moved on Tuesday to impeach Vice President Jagdeep Dhankhar, a spokesman said, accusing him of being partisan in his role as chairman of parliament's upper house, in a first such move in the country's history. Dhankhar's office did not respond to a request for comment. The step follows several weeks of disruption in parliament, where government and opposition parties have accused each other of not allowing legislative business by creating political controversies.",en,2024-12-10 11:16:05+00:00
46,thepoke,John Plunkett,This nail gun guy went the extra mile to avoid disrupting the band next door and it’s brilliantly well done,"Here&#8217;s a minute or so to take your mind off everything else going on in the world right now, a workman who went the extra mile to avoid disrupting the orchestra next door. And it&#8217;s brilliantly well done. A craftsman uses a nail gun in sync with the orchestra’s rhythm to avoid causing any disruption [&#8230;]The post This nail gun guy went the extra mile to avoid disrupting the band next door and it&#8217;s brilliantly well done appeared first on The Poke.",en,2024-12-10 10:59:54+00:00
47,physorg,,"Human disruption is driving 'winner' and 'loser' tree species shifts across Brazilian forests, study shows","Fast-growing and small-seeded tree species are dominating Brazilian forests in regions with high levels of deforestation and degradation, a study shows. This has potential implications for the ecosystem services these forests provide, including the ability of these ""disturbed"" forests to absorb and store carbon. This is because these ""winning"" species grow fast but die young, as their stems and branches are far less dense than the slow growing tree species they replace.",en,2024-12-10 10:00:01+00:00
48,Highland Radio,highlandnews,Another burst water main affecting supplies in Letterkenny,"Uisce Eireann says repairs to a burst water main in Letterkenny may cause supply disruptions to customers in Rahan, Oldtown, and surrounding areas. Works are scheduled to take place until 2pm this afternoon.The post Another burst water main affecting supplies in Letterkenny appeared first on Highland Radio - Latest Donegal News and Sport.",en,2024-12-10 09:10:10+00:00
49,Sport Grill,James Gregory,2024-25 Premier League: Week 15 Roundup,(Image credit: PA Media) Roundup of latest Premier League action as Storm Darragh caused minor disruption. ,en,2024-12-10 07:59:17+00:00
50,cyprus-mail,,Harnessing floating solar panels: a solution for Cyprus’ water and energy challenges,"By Nicolas NetienAs an island nation, Cyprus faces two critical, intertwined challenges: managing our limited water resources and reducing our dependence on imported energy. With climate change exacerbating water scarcity through increased temperatures and erratic rainfall and rising global energy demands placing additional pressure on resources, we find ourselves at a crossroads. Solutions that address [&#8230;]",en,2024-12-11 02:25:00+00:00
51,finanznachrichten,,Xinhua Silk Road: Climate investment and financing under spotlight at key conference held in S. China's Guangzhou Nansha,"BEIJING, Dec. 11, 2024 /PRNewswire/ -- Guests from home and abroad shared experiences in climate investment and financing as well as reached consensus on addressing climate change on December 8 as...",de,2024-12-11 02:06:00+00:00
52,bernews,Bernews5,Senate: Order Of Business For Dec 11th,"The Senate is scheduled to be in session on Wednesday [Dec 11], and the statements listed on the Order Paper include one on MakerSpace, the Release of the Climate Change Study entitled “Bermuda and Climate Change: Impacts from Sea Level Rise and Changing Storm Activity” and the 2023-2024 Annual Report of the Department of Financial [&#8230;]",en,2024-12-11 00:04:50+00:00
53,Independent,Gustaf Kilander,Musk once wanted ‘popular uprising’ against fossil fuels. What changed in his views on climate change?,"“Now he thinks for himself and realizes, yes, climate change is real, but it’s not nearly among the top problems right now,” a person close to Elon Musk tells Washington Post",en,2024-12-10 23:02:21+00:00
54,Phys.org - News And Articles On Science And Technology,,Analysis provides insights into early-harvested tomato maturation,"The maturation and ripening of fleshy fruits, such as tomatoes, are highly sensitive to environmental stressors, leading to significant losses in crop yields. As climate change intensifies these challenges, it has become increasingly urgent to understand how early harvesting affects fruit development.",en,2024-12-10 21:36:03+00:00
55,Phys.org - News And Articles On Science And Technology,,How African countries can build systems to share climate information at the local level,"African countries collectively have emitted very little of the greenhouse gases that have caused climate change, but are badly affected by climate-induced floods, droughts and heat waves. To withstand some of the most devastating extreme weather events, African countries need to adapt fast. Setting up advanced climate information services that predict climate disasters ahead of time is critical. Environmental sciences lecturer Fredrick Kayusi was part of a group of researchers who investigated where climate information systems are falling short and what can be done to remedy the problem.",en,2024-12-10 21:10:01+00:00
56,globalmontreal,Ken MacGillivray,Canada’s top weather stories of 2024: Environment Canada,Environment and Climate Change Canada has released its list of the top 10 most impactful weather events of 2024.,en,2024-12-10 20:41:41+00:00
57,Phys.org - News And Articles On Science And Technology,,Mathematicians make leap in modeling human impact on climate,A breakthrough in the theory of climate change science has given scientists the most robust way yet to link observed climate change to both human-made and natural causes and to spot early warning signals for potential climate disasters.,en,2024-12-10 20:24:35+00:00
58,globalwinnipeg,Katie Dangerfield,‘A death trap’: Striking Canada Post workers explain the job’s toll on them,"As Canada Post workers remain on the picket line, a key point of contention in their demands is their job's growing physical and mental toll—exacerbated by climate change.",en,2024-12-10 20:09:23+00:00
59,mymotherlode,AP News,U.S. wildlife officials plan to list monarch butterflies as threatened species,"U.S. wildlife officials have decided to extend federal protections to monarch butterflies. Fish and Wildlife Service officials on Tuesday announced plans to list monarchs as threatened. The agency will take public comments on the plan until March before finalizing the move. Monarchs are known for distinctive orange and black markings on their wings. Environmentalists say climate change is threatening the butterflies by skewing migration patterns and hindering the growth of milkweed, monarchs' main food source. Agricultural expansion and herbicides also have reduced milkweed. Monarchs occupied...",en,2024-12-10 19:15:43+00:00
60,selkirkjournal,Associated Press,U.S. wildlife officials plan to list monarch butterflies as threatened species,"By Todd Richmond MADISON, Wis. (AP) &#8212; U.S. wildlife officials announced a decision Tuesday to extend federal protections to monarch butterflies after years of warnings from environmentalists that populations are shrinking and the beloved pollinator may not survive climate change. The U.S. Fish and Wildlife Service plans to add the butterfly to the threatened species [&#8230;]",en,2024-12-10 19:10:00+00:00
61,kionrightnow,Associated Press,U.S. wildlife officials plan to list monarch butterflies as threatened species,"Associated Press MADISON, Wis. (AP) — U.S. wildlife officials announced a decision Tuesday to extend federal protections to monarch butterflies after years of warnings from environmentalists that populations are shrinking and the beloved pollinator may not survive climate change. The U.S. Fish and Wildlife Service plans to add the butterfly to the threatened species listThe post U.S. wildlife officials plan to list monarch butterflies as threatened species appeared first on KION546.",en,2024-12-10 19:06:23+00:00
62,winklertimes,Canadian Press,"Jasper wildfire, flooding, hail among top weather events of 2024: Environment Canada","By Brittany Hobson A wildfire that left a third of a popular Rocky Mountain tourist town in ashes, remnants of a hurricane season that led to record-breaking rainfall and a hailstorm that grounded airplanes are among the top weather-related events of 2024. Environment and Climate Change Canada released Tuesday its annual top 10 list of [&#8230;]",en,2024-12-10 18:41:58+00:00
63,Phys.org - News And Articles On Science And Technology,,Adapting winter sports to climate change: Challenges and solutions,Climate change is beginning to make early-season cancellations a regular part of winter sport competitions.,en,2024-12-10 17:48:02+00:00
64,observer,Victor Dey,How a Gates Foundation-Backed A.I. Startup Tackles Weather Forecast in Africa: CEO Q&A,"Palo Alto, Calif.-based WindBorne aims to tackle climate change by improving the accuracy of weather forecast using A.I.-powered weather balloons.",en,2024-12-10 17:33:37+00:00
65,The Hindu,,"President Murmu highlights mental health, cyber crimes, and climate change as threats to human rights","The digital era, while being transformative, has also brought with it complex issues such as cyberbullying, deepfakes, privacy concerns, and the spread of misinformation, the President said on Human Rights Day",en,2024-12-10 16:17:48+00:00
66,Phys.org - News And Articles On Science And Technology,,"Communities struggle to prepare for extreme weather at the local level, research finds","Extreme storms like Hurricane Helene, which hit the Southeast in September and was one of the deadliest hurricanes in the last 50 years in the United States, are becoming more likely due to climate change. Yet many local governments are struggling to prepare for such storms or for the droughts, floods, heat waves, and other weather events they may face in the future, according to research conducted at Tufts.",en,2024-12-10 15:58:04+00:00
67,portsmouth,Toby Paine,"Extreme heat, air pollution, flooding and diseases from insects threaten Portsmouth's health","Portsmouth City Council has unveiled a report focusing on the critical links between health, climate change, and the impact of environmental challenges.",en,2024-12-10 15:51:32+00:00
68,cyprus-mail,,"Extreme heat puts garment factory workers at risk, study shows","By Helen ReidWorkers in some of the world’s biggest garment manufacturing hubs in Bangladesh, Vietnam, and Pakistan are increasingly exposed to extreme heat as climate change pushes temperatures up, a report found on Sunday, a problem multinational retailers and brands will have to help address. New European Union regulations make retailers selling in the bloc, [&#8230;]",en,2024-12-10 14:43:27+00:00
69,dutchnews,Molly Quell,“No free riders” Dutch tell top UN court over climate change,"The Netherlands told the UN’s top court on Tuesday that without sufficient action to combat global warming, the Peace Palace...",en,2024-12-10 14:38:18+00:00
70,IPS News Agency,Joyce Chimbi,No State Is Truly Independent if It Suffers Significant Injury Without Consequence—Palau,"Due diligence obligation requires states to take fair, urgent and ambitious measures to mitigate the effects of climate change and to adapt to them. Far from lessening over time, this obligation has, to the contrary, become more stringent as scientific evidence mounts. — Sandrine Maljean-Dubois for the DRC",en,2024-12-10 14:26:24+00:00
71,winnipegsun,Associated Press,"10 notable books of 2024, from Sarah J. Maas to Melania Trump","By Hillel Italie NEW YORK (AP) &#8212; Even through a year of nonstop news about elections, climate change, protests and the price of eggs, there was still time to read books. U.S. sales held steady according to Circana, which tracks around 85% of the print market, with many choosing the relief of romance, fantasy and [&#8230;]",en,2024-12-10 14:26:01+00:00
72,Financial Post | Canada Business News,The Associated Press,"10 notable books of 2024, from Sarah J. Maas to Melania Trump","NEW YORK (AP) &#8212; Even through a year of nonstop news about elections, climate change, protests and the price of eggs, there was still time to read books. U.S. sales held steady according to Circana, which tracks around 85% of the print market, with many choosing the relief of romance, fantasy and romantasy. Some picked [&#8230;]",en,2024-12-10 14:25:57+00:00
73,Phys.org - News And Articles On Science And Technology,,Clay dust method turns CO₂ into food that zooplankton expel into the deep sea,"A Dartmouth-led study proposes a new method for recruiting trillions of microscopic sea creatures called zooplankton in the fight against climate change by converting carbon into food the animals would eat, digest, and send deep into the ocean as carbon-filled feces.",en,2024-12-10 14:24:05+00:00
74,aurorasentinel,JAKE COYLE AP Film Writer,Movie Review: A wordless Latvian cat parable about climate change is the year’s best animated movie,"In Gints Zilbalodis' wondrously shimmering animated fable, a solitary black cat, after escaping a cataclysmic flood, navigates a water world. What brought things to this point is never explained. We're left to look upon this strange, verdant and overgrown landscape through the amber eyes of our unnamed feline protagonist. Humans are completely absent, and it's part of this beguilingly meditative film to wonder not just about what role we played in the flood, but to ponder the grace of the animal life left to inherit the Earth.",en,2024-12-10 14:23:50+00:00
75,Zee Business,zee business,Multibagger infra stock zooms 6% in trade today: Check details,"After receiving the letter of acceptance from the Minsitry of Road Transport and Highways, the stock zoomed.",en,2024-12-11 04:26:20+00:00
76,Tribune de Geneve,,Chronique Grand Genève: Les défis du développement du ferroviaire en agglomération frontalière,"Les transports ferroviaires sont d’autant plus nécessaires dans les agglomérations frontalières, où le flux frontalier s’ajoute à celui des pendulaires. Voilà comment les métropoles genevoise et bâloise gèrent cet enjeu.",fr,2024-12-11 04:15:00+00:00
77,lanoticiadigital,Freya Cruz,"Unlock the Future: Get $2,000 for Your New E-Bike","California is set to revolutionize transportation with a groundbreaking initiative. Starting next week, the state will launch an innovative program that offers eligible residents up to $2,000 toward the purchase of an electric bike. The California E-bike Incentive Project aims to enhance sustainable transportation options and ensure that low-income residents benefit from this shift towards an eco-friendlier future. In collaboration with over 20 community organizations, the California Air Resources Board (CARB) will provide application assistance to help residents navigate the process. With the...",es,2024-12-11 03:15:30+00:00
78,News24,,News24 | 'Out of kilter and excessive': Senior executives of government entities rake in millions,"Senior executives of five state-owned agencies, including four under the Department of Transport, pocketed R48.4 million in the past financial year.",en,2024-12-11 02:50:36+00:00
79,lanoticiadigital,Tyler Evans,A Revolutionary Shift: Zephyr Bicycle Insurance Reimagines Safety. Is the Future of Cycling Secure?,"In a world where sustainability is becoming a pressing necessity, cycling has emerged as a favored mode of transportation for millions. Enter Zephyr Bicycle Insurance, a game-changing player in the realm of cycling safety, leveraging advanced technologies to safeguard cyclists and their beloved two-wheelers. Zephyr is transforming bicycle insurance from a mundane necessity into a futuristic experience. Utilizing a combination of smart sensors and real-time data analytics, Zephyr offers riders an unprecedented level of protection. Their innovative approach uses IoT technology to monitor the...",es,2024-12-11 02:45:35+00:00
80,The Hindu,,Russia transported Assad in ‘most secured way’: Deputy FM Sergei Ryabkov,"Asked whether Russia would hand over Assad for trial, Mr. Ryabkov said, ‘Russia is not a party to the convention that established the International Criminal Court’",en,2024-12-11 02:07:21+00:00
81,dailyiowan,"Isabelle Foland, News Reporter",Johnson County elected officials discuss three options for future use of CRANDIC line,"Local elected officials are weighing the pros and cons of three potential uses of the CRANDIC rail line, a freight line that connects Iowa City and Cedar Rapids. For years, there has been discussion among various government entities about the feasibility of converting the line to be a mode of public transportation for Corridor residents....The post Johnson County elected officials discuss three options for future use of CRANDIC line appeared first on The Daily Iowan.",en,2024-12-11 01:58:52+00:00
82,marinij,Adrian Rodriguez,Bay Area planners to poll residents on transportation tax,Marin County might or might not be included in a regional measure being developed by the Metropolitan Transportation Commission.,en,2024-12-11 01:48:50+00:00
83,koreaherald,Yonhap,Govt. to focus on enhancing competitiveness of domestic aviation industry following Korean Air-Asiana merger,"The government said Wednesday it will work to enhance the competitiveness of the domestic aviation industry while minimizing potential monopolistic harm from the soon pending merger between Korean Air Co. and Asiana Airlines Inc. The transport ministry announced an aviation industry support plan during a meeting of industries-focused ministries held at Hanwha Ocean Co.&#039;s research and development campus in Siheung, Gyeonggi Province. To manage monopoly concerns arising from the merger, the m",en,2024-12-11 01:30:06+00:00
84,dailyherald,Katlyn Smith,DuPage County OKs using part of fairgrounds for new transportation facility,"DuPage County Board members have authorized the use of a part of the county fairgrounds in Wheaton for a new transportation facility, though the decision was not unanimous.",en,2024-12-11 00:37:29+00:00
85,lanoticiadigital,Quincy Lemaire,Confusion in Colorado Springs: E-bike Policies Divide Officials,"The Ongoing E-Bike Controversy in Colorado Springs The debate over electric bikes, or e-bikes, is heating up in Colorado Springs. Recently, the Parks, Recreation and Cultural Services Advisory Board has given the green light for a policy promoting increased access for e-bikes on city trails. However, the City Council has yet to reach a final decision, which is expected to be discussed in February. This proposed policy aims to facilitate e-bike use, recognizing their growing popularity and potential benefits for eco-friendly transportation. Yet, challenges linger as city officials grapple with...",es,2024-12-11 00:30:35+00:00
86,stnonline,Merari Acevedo-Vigo,New York Middle Schooler Wins Annual Poster Contest,"Melissa Yang, a student at Bethlehem Central Middle School was the winner of the 2023-2024 National School Bus Safety Poster Contest. The theme this year was “Driving Safely into the Future”, and the National Association for Pupil Transportation (NAPT) released a statement on Oct. 22 expressing their thoughts on Yang’s artwork. “Yang’s artwork skillfully captures [&#8230;]The post New York Middle Schooler Wins Annual Poster Contest appeared first on School Transportation News.",en,2024-12-10 23:27:01+00:00
87,localnews8,Associated Press,"Deadly chocolate factory caused by faulty gas fitting, safety board finds","Associated Press A federal safety board says a corroded steam pipe and a defective natural gas fitting caused a powerful explosion at a Pennsylvania chocolate factory, killing seven workers when the company failed to evacuate. The National Transportation Safety Board says Tuesday that the R.M. Palmer Co. failed to have natural gas emergency procedures in",en,2024-12-10 23:22:05+00:00
88,kvia,Associated Press,"Deadly chocolate factory caused by faulty gas fitting, safety board finds","Associated Press A federal safety board says a corroded steam pipe and a defective natural gas fitting caused a powerful explosion at a Pennsylvania chocolate factory, killing seven workers when the company failed to evacuate. The National Transportation Safety Board says Tuesday that the R.M. Palmer Co. failed to have natural gas emergency procedures inThe post Deadly chocolate factory caused by faulty gas fitting, safety board finds appeared first on KVIA.",en,2024-12-10 23:22:05+00:00
89,lanoticiadigital,Adam Hertz,Get Paid to Go Green! Major E-Bike Incentive Launch on December 18,"California is set to launch a groundbreaking initiative aimed at enhancing air quality and promoting sustainable transportation on December 18. The new E-Bike Incentive Project offers residents up to $2,000 towards the purchase of electric bikes and related gear, including safety helmets. To participate, applicants must meet specific income guidelines, as this program primarily targets low-income individuals. Funded by an initial budget of $3 million, this initiative aims to subsidize around 1,500 e-bikes through the California Air Resources Board (CARB). Interested individuals must secure a...",es,2024-12-10 22:30:35+00:00
90,montereyherald,James Herrera,Imjin Parkway project in Marina has night work expected this week,"On Thursday, Imjin Parkway will be closed from Imjin Road to Reservation Road during the hours of 8 p.m. - 6 a.m., to shift concrete barrier rail near Imjin Road and install additional temporary striping at the Imjin Parkway and Reservation Road intersection, according to the city of Marina and the Transportation Agency for Monterey County.",en,2024-12-10 22:28:42+00:00
91,stnonline,Claudia Newton,(STN Podcast E238) Time Will Tell: Shakeups in the School Bus Business World (+ Thomas Built Buses CEO Interview),"Ryan and Tony analyze headlines including Lion Electric’s reduction of electric school bus manufacturing, technology provider Zonar’s acquisition by GPS Trackit, and what such developments mean for the industry. T.J. Reed, the new president and CEO of Thomas Built Buses, joins us to discuss his vision for the company and exciting future innovations. Join us [&#8230;]The post (STN Podcast E238) Time Will Tell: Shakeups in the School Bus Business World (+ Thomas Built Buses CEO Interview) appeared first on School Transportation News.",en,2024-12-10 22:14:04+00:00
92,mymotherlode,AP News,A Southwest jet and a small plane wound up on the same runway after being cleared to land,"A Southwest Airlines jet and a small plane wound up on the same runway in California in October after an air traffic controller cleared both planes to land on the same runway. The National Transportation Safety Board said Tuesday that the planes came within 900 feet of each other before the smaller plane taxied away. The incident happened Oct. 19 at the airport in Long Beach, California. It's the latest in a number of recent cases in which planes came unnecessarily close due to errors by air traffic controllers or pilots.",en,2024-12-10 22:03:42+00:00
93,dvidshub,Master Sgt. Gary Witte,Competence is my watchword [Image 7 of 7],"U.S. Army Sgt. Terrence McMillan (right), a personnel NCO with the 642nd Regional Support Group, helps Spc. Avery M. Riley, a driver with the 441st Transportation Company, during Soldier Readiness Processing Nov. 23, 2024, at Fort McClellan, Ala. The event, coordinated with another in Fort Stewart, Ga., provided more than 900 Reserve troops under the 642nd Regional Support Group with medical and dental exams, vaccinations, updated family care plans and record reviews. This four-day event helped ensure the service members will be prepared to deploy if necessary. (U.S. Army photo by Master Sgt...",en,2024-12-10 21:55:42+00:00
94,dvidshub,Master Sgt. Gary Witte,For the record [Image 3 of 7],"U.S. Army Staff Sgt. Yoni E. Canales, a platoon sergeant with 441st Transportation Company (Seaport Operations), collects his paperwork Nov. 23, 2024, during Soldier Readiness Processing at Fort McClellan, Ala. The event, held in conjunction with another in Fort Stewart, Ga., provided more than 900 Reserve troops with medical and dental exams, vaccinations, updated family care plans and record reviews. In addition, representatives from the organizations Military OneSource and Army Reserve Family Programs were on hand to provide specialized assistance and advice to Soldiers. Units participating...",en,2024-12-10 21:55:42+00:00
95,dvidshub,Master Sgt. Gary Witte,Stay SHARP [Image 2 of 7],"U.S. Army Sgt. 1st Class Doreenkay M. Ford (left), victim advocate for the 828th Transportation Battalion, leads troops in a Sexual Harassment Assault Response and Prevention class Nov. 22, 2024, during Soldier Readiness Processing at Fort McClellan, Ala. The event, coordinated with another in Fort Stewart, Ga., provided more than 900 Reserve troops within the 642nd Regional Support Group with medical and dental exams, vaccinations, updated family care plans and record reviews. This process helped ensure the service members will be prepared to deploy if necessary. (U.S. Army photo by Master Sgt...",en,2024-12-10 21:55:42+00:00
96,The Sydney Morning Herald,,ASIC sues Regional Express over alleged misleading and deceptive conduct,"The corporate regulator is taking the collapsed airline and four of its directors - including former transport minister John Sharp - to court, accusing it of misleading the market with their profit guidance.",en,2024-12-10 21:49:59+00:00
97,brisbanetimes,,ASIC sues Regional Express over alleged misleading and deceptive conduct,"The corporate regulator is taking the collapsed airline and four of its directors - including former transport minister John Sharp - to court, accusing it of misleading the market with their profit guidance.",en,2024-12-10 21:49:59+00:00
98,The Age,,ASIC sues Regional Express over alleged misleading and deceptive conduct,"The corporate regulator is taking the collapsed airline and four of its directors - including former transport minister John Sharp - to court, accusing it of misleading the market with their profit guidance.",en,2024-12-10 21:49:59+00:00
99,The Sydney Morning Herald,,ASIC sues Regional Express over alleged misleading and deceptive conduct,"The corporate regulator is taking the collapsed airline and four of its directors - including former transport minister John Sharp - to court, accusing it of misleading the market with their profit guidance.",en,2024-12-10 21:49:59+00:00
