Title,Source,country,Published At,Sentiment,Sentiment Score,Sentiment Analysis,Risk Analysis,risk score
RNU (ASX) General Discussions,HotCopper,united states,2025-01-19T06:51:17Z,NEGATIVE,0.9951352477073669,Sentiment: NEGATIVE (confidence: 1.00),"Based on the article, I've identified and analyzed the supply chain risks specifically for EV batteries, categorized into the 8 risk categories:

**Raw Material Supply Risks**

* Dependency on critical minerals like graphite, which is heavily reliant on Chinese imports (70% of global output)
* Geographic concentration of mining and processing facilities, making it vulnerable to supply chain disruptions
* Risk of supply chain crisis if Korean battery makers fail to diversify their graphite sources

**Supplier Dependency**

* Reliance on a limited number of battery manufacturers or suppliers, increasing the risk of supply chain disruptions
* Risks associated with quality control and delivery timelines, particularly with new suppliers

**Production and Manufacturing Risks**

* Issues in scaling battery production to meet demand, potentially exacerbated by supply chain disruptions
* Challenges related to advanced battery technology adoption, such as solid-state batteries, which may require new supply chain partners

**Transportation and Logistics Risks**

* Delays or damages during the shipment of batteries or raw materials, potentially affecting delivery timelines
* Hazardous material handling regulations affecting transport, adding complexity to logistics

**Regulatory and Compliance Risks**

* Adherence to safety, environmental, and trade policies, such as the US Treasury Department's ban on Chinese minerals
* Regional restrictions on battery materials and recycling practices, potentially affecting supply chain operations

**Technological Risks**

* Rapid advancements in battery technology making current products obsolete, requiring continuous R&D and supply chain adaptability
* Cybersecurity risks in smart battery systems, potentially compromising supply chain operations

**Demand and Market Risks**

* Fluctuations in demand for specific battery chemistries or capacities, affecting supply chain planning
* Price pressures due to competition or market saturation, potentially affecting profitability

**Environmental and Natural Disasters**

* Climate events disrupting mining, production, or logistics, potentially affecting supply chain resilience
* Long-term environmental concerns related to resource extraction and battery disposal, potentially affecting supply chain sustainability

To mitigate these risks, potential strategies include:

1. Diversification of graphite suppliers, as seen in the agreements between Korean battery makers and Syrah Resources, Westwater Resources, and Urbix.
2. Investment in research and development to improve battery technology and reduce dependence on critical minerals.
3. Development of sustainable and environmentally friendly supply chain practices, such as responsible sourcing and recycling.
4. Implementation of robust risk management frameworks to identify and address potential supply chain disruptions.
5. Collaboration between governments, industry players, and suppliers to ensure a stable and diversified supply chain of critical materials.
6. Investment in logistics and transportation infrastructure to improve efficiency and reduce risks.
7. Development of contingency plans to address potential supply chain crises, such as stockpiling critical materials or identifying alternative suppliers.

By addressing these risks and implementing mitigation strategies, Korean battery makers and the broader EV industry can ensure a more resilient and sustainable supply chain for EV batteries.",-0.55
"Lithuanian MEP Virginijus Sinkevicius: 'A father, a husband, and a hard-working man are the words that best describe me' - The Baltic Times",baltictimes.com,china,2025-01-17T14:38:06Z,POSITIVE,0.9979630708694458,Sentiment: POSITIVE (confidence: 1.00),"Based on the article, I have identified and analyzed the supply chain risks specifically for EV batteries using the provided risk categories:

**Raw Material Supply Risks**

* The article highlights the importance of the green transition, which implies a significant increase in demand for critical minerals like lithium, cobalt, and nickel used in EV batteries.
* The concentration of mining and processing facilities in specific regions (e.g., lithium in Chile and cobalt in the Democratic Republic of Congo) poses risks related to supply chain disruptions, political instability, and environmental concerns.

**Supplier Dependency**

* The article mentions the need for the European Union to enhance competitiveness and preserve jobs, which might be challenging given the limited number of battery manufacturers or suppliers.
* Quality control and delivery timelines might be affected by the reliance on a few suppliers, leading to potential bottlenecks in the production process.

**Production and Manufacturing Risks**

* The article notes the challenges in adapting to the transition from traditional combustion engines to electric battery-charged engines, which implies scaling battery production to meet demand.
* The adoption of advanced battery technologies, such as solid-state batteries, might pose challenges related to production processes and quality control.

**Transportation and Logistics Risks**

* The article does not explicitly mention transportation and logistics risks, but the discussion of supply chain disruptions and bottlenecks implies potential risks related to the shipment of batteries or raw materials.

**Regulatory and Compliance Risks**

* The article emphasizes the importance of the European Green Deal and the need for a green transition, which implies adherence to safety, environmental, and trade policies.
* Regional restrictions on battery materials and recycling practices might pose compliance risks for EV battery manufacturers and suppliers.

**Technological Risks**

* The article notes the need for innovation and competitiveness in the European automotive industry, which implies the risk of rapid advancements in battery technology making current products obsolete.
* Cybersecurity risks in smart battery systems are not explicitly mentioned but are a potential concern given the increasing reliance on digital technologies.

**Demand and Market Risks**

* The article highlights the decline in consumer confidence and the slowdown in the European automotive industry, which might affect demand for specific battery chemistries or capacities.
* Price pressures due to competition or market saturation might impact the profitability of EV battery manufacturers and suppliers.

**Environmental and Natural Disasters**

* The article mentions the energy crisis and supply chain disruptions caused by global events, which might affect mining, production, or logistics operations.
* Long-term environmental concerns related to resource extraction and battery disposal are implicit in the discussion of the green transition.

To mitigate these risks, potential strategies include:

1. Diversifying supply chains to reduce dependence on critical minerals and suppliers.
2. Investing in research and development to improve battery technology and reduce costs.
3. Implementing sustainable and responsible sourcing practices for raw materials.
4. Developing robust quality control and delivery timelines with suppliers.
5. Enhancing cybersecurity measures in smart battery systems.
6. Encouraging collaboration and knowledge sharing among industry stakeholders to address common challenges.
7. Developing closed-loop recycling systems to minimize waste and reduce the environmental impact of battery production.
8. Implementing contingency plans to address potential supply chain disruptions and natural disasters.

By addressing these risks and implementing mitigation strategies, EV battery manufacturers and suppliers can ensure a more resilient and sustainable supply chain, ultimately supporting the growth of the electric vehicle market.",-0.5
"Underground Mining Equipment Market To Surge From USD 39,782.13 Million In 2023 To USD 61,451.15 Million By 2032, Driven By Rising Demand And Technolo...",menafn.com,china,2025-01-16T04:24:31Z,POSITIVE,0.9975907802581787,Sentiment: POSITIVE (confidence: 1.00),"Based on the article, I've identified and analyzed the supply chain risks specifically for EV batteries, categorized into the eight risk categories:

**Raw Material Supply Risks**

* Dependency on critical minerals like lithium, cobalt, and nickel: The article highlights the surging demand for lithium, driven by the growth of the EV industry. This increased demand may lead to supply chain disruptions, price volatility, and potential shortages.
* Geographic concentration of mining and processing facilities: The article mentions Chile as having the largest lithium reserves, which raises concerns about concentration risk and dependence on a single country or region for critical minerals.

**Mitigation strategy:** Diversify suppliers, invest in alternative mineral sources, and develop closed-loop recycling systems to reduce dependence on primary materials.

**Supplier Dependency**

* Reliance on a limited number of battery manufacturers or suppliers: The article does not explicitly mention supplier dependency, but it can be inferred that the growing demand for EV batteries may lead to concentration risks among suppliers.
* Risks associated with quality control and delivery timelines: The article highlights the importance of efficient and continuous mineral production, which implies potential risks associated with supplier quality control and delivery timelines.

**Mitigation strategy:** Develop multiple supplier relationships, implement robust quality control measures, and invest in supply chain visibility to ensure timely deliveries.

**Production and Manufacturing Risks**

* Issues in scaling battery production to meet demand: The article mentions the growing demand for EV batteries, which may lead to scalability challenges for manufacturers.
* Challenges related to advanced battery technology adoption (e.g., solid-state batteries): The article highlights the need for innovation and adoption of advanced technologies, which may pose challenges for manufacturers.

**Mitigation strategy:** Invest in research and development, scale up production capacity, and develop strategic partnerships to stay ahead of technological advancements.

**Transportation and Logistics Risks**

* Delays or damages during the shipment of batteries or raw materials: The article does not explicitly mention transportation risks, but it can be inferred that the growing demand for EV batteries may lead to increased transportation volumes and potential risks.
* Hazardous material handling regulations affecting transport: The article highlights the need for sustainable practices, which may include regulations around hazardous material handling.

**Mitigation strategy:** Develop robust logistics and transportation management systems, invest in training and compliance programs for hazardous material handling, and explore alternative transportation modes (e.g., rail or sea).

**Regulatory and Compliance Risks**

* Adherence to safety, environmental, and trade policies: The article mentions the importance of sustainable practices and environmental regulations, which may impact the EV battery supply chain.
* Regional restrictions on battery materials and recycling practices: The article highlights the need for environmentally friendly equipment and methods, which may lead to regional restrictions on battery materials and recycling practices.

**Mitigation strategy:** Stay up-to-date with regulatory developments, invest in compliance programs, and develop sustainable practices that meet or exceed regulatory requirements.

**Technological Risks**

* Rapid advancements in battery technology making current products obsolete: The article highlights the need for innovation and adoption of advanced technologies, which may lead to technological obsolescence risks.
* Cybersecurity risks in smart battery systems: The article does not explicitly mention cybersecurity risks, but it can be inferred that the increasing adoption of smart battery systems may lead to potential cybersecurity risks.

**Mitigation strategy:** Invest in research and development, stay ahead of technological advancements, and develop robust cybersecurity measures to protect smart battery systems.

**Demand and Market Risks**

* Fluctuations in demand for specific battery chemistries or capacities: The article mentions the growing demand for EV batteries, which may lead to fluctuations in demand for specific battery chemistries or capacities.
* Price pressures due to competition or market saturation: The article highlights the growing demand for EV batteries, which may lead to price pressures due to competition or market saturation.

**Mitigation strategy:** Develop flexible production capacities, invest in market research and forecasting, and diversify product offerings to mitigate demand and market risks.

**Environmental and Natural Disasters**

* Climate events disrupting mining, production, or logistics: The article mentions the need for sustainable practices, which may include risks associated with climate events disrupting the supply chain.
* Long-term environmental concerns related to resource extraction and battery disposal: The article highlights the importance of environmentally friendly equipment and methods, which may lead to long-term environmental concerns related to resource extraction and battery disposal.

**Mitigation strategy:** Develop sustainable practices that minimize environmental impact, invest in climate-resilient infrastructure, and develop closed-loop recycling systems to reduce waste and minimize environmental concerns.",0.1
"Underground Mining Equipment Market to Surge from USD 39,782.13 Million in 2023 to USD 61,451.15 Million by 2032, Driven by Rising Demand and Technological Advancements | Credence Research Inc.",Benzinga,china,2025-01-15T16:39:23Z,POSITIVE,0.9980762004852295,Sentiment: POSITIVE (confidence: 1.00),"Based on the article, the following supply chain risks are identified and analyzed for EV batteries:

**Raw Material Supply Risks**

* Dependency on critical minerals like lithium, cobalt, and nickel, which are essential for EV batteries. The article highlights the growing demand for these minerals, driven by the increasing adoption of EVs and renewable energy technologies.
* Geographic concentration of mining and processing facilities, which can lead to supply chain disruptions and price volatility.

**Mitigation strategies:**

* Diversify mineral sourcing to reduce dependence on single suppliers or regions.
* Invest in recycling and reusing of battery materials to reduce primary demand.

**Supplier Dependency**

* Reliance on a limited number of battery manufacturers or suppliers, which can lead to supply chain disruptions and quality control issues.
* Risks associated with quality control and delivery timelines, particularly as demand for EV batteries increases.

**Mitigation strategies:**

* Develop multiple supplier relationships to reduce dependence on single suppliers.
* Implement robust quality control measures and monitoring systems to ensure timely delivery of high-quality batteries.

**Production and Manufacturing Risks**

* Issues in scaling battery production to meet growing demand, which can lead to supply chain bottlenecks and delays.
* Challenges related to advanced battery technology adoption, such as solid-state batteries, which require significant investments in R&D and manufacturing infrastructure.

**Mitigation strategies:**

* Invest in scaling up production capacity and process improvements to meet growing demand.
* Collaborate with technology startups and research institutions to accelerate the development of advanced battery technologies.

**Transportation and Logistics Risks**

* Delays or damages during the shipment of batteries or raw materials, which can impact supply chain reliability and quality.
* Hazardous material handling regulations affecting transport, which require specialized equipment and training.

**Mitigation strategies:**

* Implement robust logistics and transportation management systems to minimize delays and damages.
* Develop specialized training programs for handling hazardous materials and ensure compliance with regulations.

**Regulatory and Compliance Risks**

* Adherence to safety, environmental, and trade policies, which can impact the supply chain and manufacturing processes.
* Regional restrictions on battery materials and recycling practices, which require compliance with varying regulations.

**Mitigation strategies:**

* Develop a comprehensive regulatory compliance framework to ensure adherence to relevant laws and regulations.
* Collaborate with industry associations and government agencies to shape policy and regulatory frameworks.

**Technological Risks**

* Rapid advancements in battery technology, which can make current products obsolete.
* Cybersecurity risks in smart battery systems, which require specialized expertise and infrastructure.

**Mitigation strategies:**

* Invest in R&D and technology scouting to stay ahead of the curve in battery technology advancements.
* Develop robust cybersecurity measures and collaborate with industry experts to mitigate risks.

**Demand and Market Risks**

* Fluctuations in demand for specific battery chemistries or capacities, which can impact supply chain planning and production.
* Price pressures due to competition or market saturation, which can affect profitability.

**Mitigation strategies:**

* Develop flexible production systems and supply chain planning to adapt to changing demand patterns.
* Diversify product offerings and develop value-added services to maintain profitability.

**Environmental and Natural Disasters**

* Climate events disrupting mining, production, or logistics, which can impact supply chain reliability and quality.
* Long-term environmental concerns related to resource extraction and battery disposal, which require sustainable practices and end-of-life management strategies.

**Mitigation strategies:**

* Develop sustainable practices and environmental management systems to minimize the environmental impact of mining and production.
* Invest in recycling and end-of-life management technologies to reduce waste and promote circular economy principles.

By identifying and analyzing these supply chain risks, EV battery manufacturers and suppliers can develop targeted mitigation strategies to minimize disruptions, ensure compliance, and maintain profitability in a rapidly evolving market.",-0.29
"Underground Mining Equipment Market to Surge from USD 39,782.13 Million in 2023 to USD 61,451.15 Million by 2032, Driven by Rising Demand and Technological Advancements | Credence Research Inc.",FinanzNachrichten.de,united states,2025-01-15T16:29:49Z,POSITIVE,0.9980762004852295,Sentiment: POSITIVE (confidence: 1.00),"Based on the article, I've identified and analyzed the supply chain risks specifically for EV batteries using the provided risk categories:

**Raw Material Supply Risks**

* Dependency on critical minerals like lithium, cobalt, and nickel: The article highlights the surging demand for lithium, which could lead to supply chain constraints and price volatility.
* Geographic concentration of mining and processing facilities: The article mentions Chile having the largest lithium reserves, which creates a risk of over-reliance on a single country or region.

**Supplier Dependency**

* Reliance on a limited number of battery manufacturers or suppliers: The article doesn't explicitly mention this risk, but it's implied in the context of the growing demand for EV batteries.
* Risks associated with quality control and delivery timelines: The article doesn't address this risk directly, but it's essential to consider the potential impact of supplier quality control issues or delivery delays on EV battery production.

**Production and Manufacturing Risks**

* Issues in scaling battery production to meet demand: The article mentions the growing demand for EV batteries, which could lead to production scaling challenges.
* Challenges related to advanced battery technology adoption (e.g., solid-state batteries): The article highlights the importance of technological advancements in mining, but doesn't explicitly address the challenges of adopting new battery technologies.

**Transportation and Logistics Risks**

* Delays or damages during the shipment of batteries or raw materials: The article doesn't address this risk directly, but it's essential to consider the potential impact of transportation disruptions on the supply chain.
* Hazardous material handling regulations affecting transport: The article mentions the need for sustainable practices in mining, which could imply regulations around hazardous material handling.

**Regulatory and Compliance Risks**

* Adherence to safety, environmental, and trade policies: The article highlights the importance of sustainable practices and environmental regulations in mining, which could impact the supply chain.
* Regional restrictions on battery materials and recycling practices: The article doesn't address this risk directly, but it's essential to consider the potential impact of regional regulations on the supply chain.

**Technological Risks**

* Rapid advancements in battery technology making current products obsolete: The article mentions the growing demand for EV batteries, which could lead to rapid technological advancements and potential obsolescence.
* Cybersecurity risks in smart battery systems: The article doesn't address this risk directly, but it's essential to consider the potential impact of cybersecurity threats on smart battery systems.

**Demand and Market Risks**

* Fluctuations in demand for specific battery chemistries or capacities: The article mentions the growing demand for EV batteries, which could lead to fluctuations in demand for specific chemistries or capacities.
* Price pressures due to competition or market saturation: The article doesn't address this risk directly, but it's essential to consider the potential impact of market competition and saturation on EV battery prices.

**Environmental and Natural Disasters**

* Climate events disrupting mining, production, or logistics: The article mentions the importance of sustainable practices in mining, which could imply risks related to climate events.
* Long-term environmental concerns related to resource extraction and battery disposal: The article highlights the need for sustainable practices in mining, which could imply long-term environmental concerns around resource extraction and battery disposal.

To mitigate these risks, potential strategies could include:

1. Diversifying supply chains to reduce dependence on critical minerals and geographic concentrations.
2. Developing strategic partnerships with suppliers to ensure quality control and delivery timelines.
3. Investing in research and development to improve battery technology and scalability.
4. Implementing robust transportation and logistics management systems to minimize delays and damages.
5. Ensuring compliance with regulatory requirements and adopting sustainable practices throughout the supply chain.
6. Staying up-to-date with technological advancements and adopting cybersecurity measures to protect smart battery systems.
7. Monitoring market trends and demand fluctuations to adjust production and pricing strategies accordingly.
8. Developing contingency plans for environmental and natural disasters, and implementing sustainable practices to minimize long-term environmental concerns.",0.3
"Underground Mining Equipment Market to Surge from USD 39,782.13 Million in 2023 to USD 61,451.15 Million by 2032, Driven by Rising Demand and Technological Advancements | Credence Research Inc.",Advanced Financial Network,china,2025-01-15T16:23:27Z,POSITIVE,0.9970115423202515,Sentiment: POSITIVE (confidence: 1.00),"Based on the article, I have identified and analyzed the supply chain risks specifically for EV batteries using the following risk categories:

**Raw Material Supply Risks**

* Dependency on critical minerals like lithium, cobalt, and nickel: The article highlights the surge in demand for lithium, driven by the growth of the EV market. This increases the risk of supply chain disruptions and price volatility for these critical minerals.
* Geographic concentration of mining and processing facilities: The article mentions that Chile has the largest lithium reserves in the world, which creates a geographic concentration risk. Any disruptions in Chilean mining operations could impact the global lithium supply.

**Supplier Dependency**

* Reliance on a limited number of battery manufacturers or suppliers: The article does not explicitly mention this risk, but it is implied by the focus on the growing demand for EV batteries and the need for efficient mining and production processes.
* Risks associated with quality control and delivery timelines: The article highlights the importance of meeting demand for EV batteries, which implies the risk of quality control issues and delivery timeline delays.

**Production and Manufacturing Risks**

* Issues in scaling battery production to meet demand: The article mentions the growing demand for EV batteries, which increases the risk of scaling production to meet this demand.
* Challenges related to advanced battery technology adoption (e.g., solid-state batteries): The article does not explicitly mention this risk, but it is implied by the focus on technological advancements in mining and the need for efficient production processes.

**Transportation and Logistics Risks**

* Delays or damages during the shipment of batteries or raw materials: The article does not explicitly mention this risk, but it is implied by the focus on the importance of efficient mining and production processes.
* Hazardous material handling regulations affecting transport: The article highlights the need for sustainable mining practices, which implies the risk of hazardous material handling regulations affecting transport.

**Regulatory and Compliance Risks**

* Adherence to safety, environmental, and trade policies: The article mentions the importance of sustainable mining practices and adherence to environmental regulations, which implies the risk of non-compliance.
* Regional restrictions on battery materials and recycling practices: The article does not explicitly mention this risk, but it is implied by the focus on regional differences in mining regulations and practices.

**Technological Risks**

* Rapid advancements in battery technology making current products obsolete: The article highlights the importance of technological advancements in mining, which implies the risk of rapid advancements in battery technology making current products obsolete.
* Cybersecurity risks in smart battery systems: The article does not explicitly mention this risk, but it is implied by the focus on automation and digitalization in mining.

**Demand and Market Risks**

* Fluctuations in demand for specific battery chemistries or capacities: The article highlights the growing demand for EV batteries, which implies the risk of fluctuations in demand for specific battery chemistries or capacities.
* Price pressures due to competition or market saturation: The article does not explicitly mention this risk, but it is implied by the focus on the growth of the EV market and the need for efficient production processes.

**Environmental and Natural Disasters**

* Climate events disrupting mining, production, or logistics: The article highlights the importance of sustainable mining practices, which implies the risk of climate events disrupting mining, production, or logistics.
* Long-term environmental concerns related to resource extraction and battery disposal: The article mentions the need for sustainable mining practices, which implies the risk of long-term environmental concerns related to resource extraction and battery disposal.

To mitigate these risks, potential strategies could include:

* Diversifying suppliers and mining operations to reduce geographic concentration risks
* Investing in research and development to improve battery technology and reduce dependence on critical minerals
* Implementing robust quality control and delivery timeline management systems to ensure reliable supply chains
* Developing sustainable mining practices and environmental management systems to reduce environmental risks
* Investing in automation and digitalization to improve efficiency and reduce labor shortages
* Building strong relationships with regulatory bodies and industry stakeholders to stay ahead of changing regulations and standards
* Developing contingency plans for climate events and natural disasters to ensure business continuity
* Investing in recycling and repurposing technologies to reduce waste and minimize environmental impact.",-0.08
Industrial Air Compressor Market Powering Industry with Growth Trajectory and Innovations,EIN News,china,2025-01-15T12:42:25Z,POSITIVE,0.9456425905227661,Sentiment: POSITIVE (confidence: 0.95),Error in risk analysis,0.0
"Air Compressor Market Analyzing Trends, Growth Drivers, and Future Prospects Through 2032",EIN News,south korea,2025-01-15T12:40:28Z,NEGATIVE,0.5111944079399109,Sentiment: NEGATIVE (confidence: 0.51),Error in risk analysis,0.0
Industrial Air Compressor Market Powering Industry with Growth Trajectory and Innovations,EIN News,india,2025-01-15T12:35:29Z,POSITIVE,0.9456425905227661,Sentiment: POSITIVE (confidence: 0.95),Error in risk analysis,0.0
"Air Compressor Market Analyzing Trends, Growth Drivers, and Future Prospects Through 2032",EIN News,china,2025-01-15T12:35:06Z,NEGATIVE,0.5111944079399109,Sentiment: NEGATIVE (confidence: 0.51),Error in risk analysis,0.0
